Workbook
Name CheckList: Lists!$D$2:$D$6
Name SourceList: Lists!$E$2:$E$11
Name StageList: Lists!$A$2:$A$12
Name TradeList: Lists!$B$2:$B$10
Name VerificationTypeList: Lists!$F$2:$F$14
Name YesNoList: Lists!$C$2:$C$3

Sheet Start Here
B2: HANDIWAVE KADUNA RECRUITMENT FUNNEL
B4: Pilot area | C4: Barnawa–Narayi corridor, Kaduna South
B5: Tracked flyer link | C5: https://handiwave.com.ng/go/kaduna
B7: How to use
B8: 1. | C8: Add one applicant per row in Recruitment Funnel. Do not duplicate a person when their stage changes.
B9: 2. | C9: Update Current Stage and Next Action after every contact. Dashboard totals update automatically.
B10: 3. | C10: Use Verification Log for evidence outcomes; store sensitive documents only in an approved restricted system, not in this workbook.
B11: 4. | C11: Use a unique Source Code on every flyer batch, recruiter, association, or shop partner.
B12: 5. | C12: Activate a professional only after all required checks pass and the phone demonstration is completed.
B14: Privacy rule | C14: Track outcomes and document references here. Do not embed ID images, selfies, bank details, or private customer photos in this workbook.

Sheet Recruitment Funnel
A1: Applicant ID | B1: Date Added | C1: Full Name | D1: Phone | E1: Email | F1: Primary Trade | G1: Other Trade | H1: Base Location | I1: Can Serve Barnawa–Narayi? | J1: Source Type | K1: Source Code | L1: Recruiter | M1: Current Stage | N1: Last Contact | O1: Next Action | P1: Next Action Date | Q1: Consent Recorded? | R1: Identity | S1: References | T1: Work Samples | U1: Skill Check | V1: Phone Demo | W1: Activation Date | X1: Notes

Sheet Dashboard
B2: KADUNA FOUNDING PROFESSIONALS DASHBOARD
B4: Pilot | C4: Barnawa–Narayi corridor | Target: 20 approved and active professionals
B6: Applicants | C6: Contacted | D6: Applications complete | E6: Verified | F6: Activated | G6: Activation rate
B7: =COUNTIF('Recruitment Funnel'!C2:C501,"?*") -> 0 | C7: =SUM(COUNTIF('Recruitment Funnel'!M2:M501,{"Contacted","Interested","Application started","Application complete","Verification scheduled","Verification in progress","Training complete","Activated","Not approved","Withdrawn"})) -> 0 | D7: =SUM(COUNTIF('Recruitment Funnel'!M2:M501,{"Application complete","Verification scheduled","Verification in progress","Training complete","Activated"})) -> 0 | E7: =SUM(COUNTIF('Recruitment Funnel'!M2:M501,{"Training complete","Activated"})) -> 0 | F7: =COUNTIF('Recruitment Funnel'!M2:M501,"Activated") -> 0 | G7: =IFERROR(F7/B7,0) -> 0
B10: Stage | C10: Count | E10: Decision checks | F10: Result
B11: Lead added | C11: =COUNTIF('Recruitment Funnel'!M2:M501,B11) -> 0 | E11: Activated target | F11: =F7&" / 20" -> 0
B12: Contacted | C12: =COUNTIF('Recruitment Funnel'!M2:M501,B12) -> 0 | E12: Consent missing | F12: =COUNTIFS('Recruitment Funnel'!C2:C501,"?*",'Recruitment Funnel'!Q2:Q501,"<>Yes") -> 0
B13: Interested | C13: =COUNTIF('Recruitment Funnel'!M2:M501,B13) -> 0 | E13: Overdue next actions | F13: =COUNTIFS('Recruitment Funnel'!P2:P501,"<"&TODAY(),'Recruitment Funnel'!P2:P501,"<>" ) -> 0
B14: Application started | C14: =COUNTIF('Recruitment Funnel'!M2:M501,B14) -> 0 | E14: Outside service cell | F14: =COUNTIF('Recruitment Funnel'!I2:I501,"No") -> 0
B15: Application complete | C15: =COUNTIF('Recruitment Funnel'!M2:M501,B15) -> 0
B16: Verification scheduled | C16: =COUNTIF('Recruitment Funnel'!M2:M501,B16) -> 0
B17: Verification in progress | C17: =COUNTIF('Recruitment Funnel'!M2:M501,B17) -> 0
B18: Training complete | C18: =COUNTIF('Recruitment Funnel'!M2:M501,B18) -> 0
B19: Activated | C19: =COUNTIF('Recruitment Funnel'!M2:M501,B19) -> 0
B20: Not approved | C20: =COUNTIF('Recruitment Funnel'!M2:M501,B20) -> 0
B21: Withdrawn | C21: =COUNTIF('Recruitment Funnel'!M2:M501,B21) -> 0

Sheet Verification Log
A1: Applicant ID | B1: Full Name | C1: Check Type | D1: Outcome | E1: Checked Date | F1: Reviewer | G1: Evidence Reference | H1: Expiry / Recheck Date | I1: Reason / Notes

Sheet Source Performance
A1: Source Code | B1: Source Type | C1: Partner / Recruiter | D1: Flyers / Contacts | E1: Applicants | F1: Activated | G1: Activation Rate | H1: Notes
E2: =IF(A2="","",COUNTIF('Recruitment Funnel'!K:K,A2)) -> 0 | F2: =IF(A2="","",COUNTIFS('Recruitment Funnel'!K:K,A2,'Recruitment Funnel'!M:M,"Activated")) -> 0 | G2: =IFERROR(F2/E2,0) -> 0
E3: =IF(A3="","",COUNTIF('Recruitment Funnel'!K:K,A3)) -> 0 | F3: =IF(A3="","",COUNTIFS('Recruitment Funnel'!K:K,A3,'Recruitment Funnel'!M:M,"Activated")) -> 0 | G3: =IFERROR(F3/E3,0) -> 0
E4: =IF(A4="","",COUNTIF('Recruitment Funnel'!K:K,A4)) -> 0 | F4: =IF(A4="","",COUNTIFS('Recruitment Funnel'!K:K,A4,'Recruitment Funnel'!M:M,"Activated")) -> 0 | G4: =IFERROR(F4/E4,0) -> 0
E5: =IF(A5="","",COUNTIF('Recruitment Funnel'!K:K,A5)) -> 0 | F5: =IF(A5="","",COUNTIFS('Recruitment Funnel'!K:K,A5,'Recruitment Funnel'!M:M,"Activated")) -> 0 | G5: =IFERROR(F5/E5,0) -> 0
E6: =IF(A6="","",COUNTIF('Recruitment Funnel'!K:K,A6)) -> 0 | F6: =IF(A6="","",COUNTIFS('Recruitment Funnel'!K:K,A6,'Recruitment Funnel'!M:M,"Activated")) -> 0 | G6: =IFERROR(F6/E6,0) -> 0
E7: =IF(A7="","",COUNTIF('Recruitment Funnel'!K:K,A7)) -> 0 | F7: =IF(A7="","",COUNTIFS('Recruitment Funnel'!K:K,A7,'Recruitment Funnel'!M:M,"Activated")) -> 0 | G7: =IFERROR(F7/E7,0) -> 0
E8: =IF(A8="","",COUNTIF('Recruitment Funnel'!K:K,A8)) -> 0 | F8: =IF(A8="","",COUNTIFS('Recruitment Funnel'!K:K,A8,'Recruitment Funnel'!M:M,"Activated")) -> 0 | G8: =IFERROR(F8/E8,0) -> 0
E9: =IF(A9="","",COUNTIF('Recruitment Funnel'!K:K,A9)) -> 0 | F9: =IF(A9="","",COUNTIFS('Recruitment Funnel'!K:K,A9,'Recruitment Funnel'!M:M,"Activated")) -> 0 | G9: =IFERROR(F9/E9,0) -> 0
E10: =IF(A10="","",COUNTIF('Recruitment Funnel'!K:K,A10)) -> 0 | F10: =IF(A10="","",COUNTIFS('Recruitment Funnel'!K:K,A10,'Recruitment Funnel'!M:M,"Activated")) -> 0 | G10: =IFERROR(F10/E10,0) -> 0
E11: =IF(A11="","",COUNTIF('Recruitment Funnel'!K:K,A11)) -> 0 | F11: =IF(A11="","",COUNTIFS('Recruitment Funnel'!K:K,A11,'Recruitment Funnel'!M:M,"Activated")) -> 0 | G11: =IFERROR(F11/E11,0) -> 0
E12: =IF(A12="","",COUNTIF('Recruitment Funnel'!K:K,A12)) -> 0 | F12: =IF(A12="","",COUNTIFS('Recruitment Funnel'!K:K,A12,'Recruitment Funnel'!M:M,"Activated")) -> 0 | G12: =IFERROR(F12/E12,0) -> 0
E13: =IF(A13="","",COUNTIF('Recruitment Funnel'!K:K,A13)) -> 0 | F13: =IF(A13="","",COUNTIFS('Recruitment Funnel'!K:K,A13,'Recruitment Funnel'!M:M,"Activated")) -> 0 | G13: =IFERROR(F13/E13,0) -> 0
... E101: =IF(A101="","",COUNTIF('Recruitment Funnel'!K:K,A101)) -> 0 | F101: =IF(A101="","",COUNTIFS('Recruitment Funnel'!K:K,A101,'Recruitment Funnel'!M:M,"Activated")) -> 0 | G101: =IFERROR(F101/E101,0) -> 0

Sheet Lists
A1: StageList | B1: TradeList | C1: YesNoList | D1: CheckList | E1: SourceList | F1: VerificationTypeList
A2: Lead added | B2: Electrician | C2: Yes | D2: Pending | E2: Flyer QR | F2: Phone
A3: Contacted | B3: Solar / inverter | C3: No | D3: Passed | E3: Recruiter | F3: Email
A4: Interested | B4: Plumber | D4: Needs review | E4: Old Panteka | F4: Identity document
A5: Application started | B5: AC / refrigeration | D5: Failed | E5: Trade shop | F5: Live selfie
A6: Application complete | B6: Generator technician | D6: Not applicable | E6: Association | F6: Operating address
A7: Verification scheduled | B7: Cleaner | E7: Training centre | F7: Customer reference 1
A8: Verification in progress | B8: Carpenter | E8: Professional referral | F8: Customer reference 2
A9: Training complete | B9: General handyman | E9: Community group | F9: Work samples
A10: Activated | B10: Other | E10: Walk-in | F10: Bank-name match
A11: Not approved | E11: Other | F11: Technical reference
A12: Withdrawn | F12: Practical check
F13: Conduct briefing
F14: Phone demonstration
